{
    "Admin": {
        "u4d2f1c2fbee16358f12c749f406cfbf0": true
    },
    "ClientAuth": {
        "auth": {},
        "clientMid": {}
    },
    "Creator": "u4d2f1c2fbee16358f12c749f406cfbf0",
    "Mid": "ubf77402221def3a0c512e1b78926abe1",
    "authMid": "",
    "Token": "",
    "Token1": "",
    "TokenMid": "",
    "assist": {
        "u0422960c039862bc1d4437b4a4c3cde4": true,
        "u4a4aabbf04970e0a60b13ecdada4fd9d": true,
        "u5928a5946eb3df0590977f9eebbf36a1": true,
        "uc0aac4eae8ff0b58962ff19a1bf0a8c1": true
    },
    "authToken": "Evvo5bx2NulmGWcJlDJ1.V3DaiIhE86dfeUg3IsAR4q.S1jcLZ+gYRb+q5qCT3vJBNUOx2FtkYC2qXwDGmgQJiA=",
    "fino1": "EvDeuZYsVR7ZLLbqLyw4.bckwdaoyyRWDrdE0Pmpn5a.uVK59AERzVrf0Th6IAwVoW+z8SUnQXipQx+2Bf2vIzg=",
    "fino2": "Ev5SE7BQDgvW73kbQr21.o4I5xWo4K67NsfWsYEEz4q.n+OVyf5cAjR0vnnWRJSz2uxW93CdnG4lCdCrqXyjUt0=",
    "fino3": "EvjgLKqFYC2p1YCWDwd1.WkRe6UJ+c1Iwl+gAg+cOWq.RAaRvEddMbKThuPH1TGSXFtp0oDXy3LLw0GIgJvkOdI=",
    "kang": "EvmwxhuOSxn87koRFTE1.wsILLg6Z3WwqL3/E6782Oq.jNkCiTXdBhPa0JurOOiNMdIqrZeLa5Fe3jXdpSWba8I=",
    "kang1": "",
    "kang2": "",
    "wClientAuth": {
        "auth": {},
        "clientMid": {}
    }
}