{
    "Addaudio": {
        "name": "1",
        "status": true
    },
    "Addimage": false,
    "Addsticker": {
        "name": "",
        "status": false
    },
    "Addvideo": {
        "name": "",
        "status": false
    },
    "Admin": "u2f8309a220ad448753da30ff31e6d6cc",
    "AutoRead": false,
    "Auto_Join_Ticket": false,
    "BLinviter": false,
    "Blacklist_User": {},
    "Img": {},
    "MentionKick": false,
    "Pro_Cancel": {},
    "Pro_Invite": {},
    "Pro_Join": {},
    "Pro_Member": {},
    "Pro_Qr": {},
    "Procancel": false,
    "ROM": {},
    "ResponAbsen": "Kick yang ini dari: ",
    "ResponCcft": "『 Send image to upload 』",
    "ResponCname": "『 Name Already Changed 』",
    "ResponCurl": "『 Url closed 』",
    "ResponDBL": "『 Blacklist deleted 』",
    "ResponDTBL": "『 Talkblacklist Deleted 』",
    "ResponPc": false,
    "ResponUrl": "『 Url opened 』",
    "ResponWBL": "『 Blaclist added 』",
    "ResponWTBL": "Blacklist added",
    "Responcft": "『 Picture Changed 』",
    "Respontag": "『 si tukang tag.... Dudul kurang kerjaan 』",
    "Respontag1": "『 Tag kAm.... vret 』",
    "TalkList": {
        "!Hai": true,
        "!Hello": true,
        "!Kick": true,
        "!Kickall": true,
        "!hai": true,
        "!hello": true,
        "!kick": true,
        "!kickall": true,
        ".Hai": true,
        ".Hello": true,
        ".Kick": true,
        ".Kickon": true,
        ".hai": true,
        ".hello": true,
        ".kick": true,
        ".kickall": true,
        ".kickon": true
    },
    "Talkblacklist": {},
    "Talkdblacklist": false,
    "Talkwblacklist": false,
    "Token": 112,
    "Welcome": {},
    "addbackupmem": false,
    "assist": {
        "u2f8309a220ad448753da30ff31e6d6cc": true,
        "uffe9d96f87dbc48bc932bb3818d2f21a": true
    },
    "autoAdd": true,
    "autoBlock": true,
    "autoJoin": true,
    "autoJoinTicket": false,
    "autoLeave": false,
    "autokick": false,
    "blacklist": {},
    "changePicture": false,
    "changeProfileVideo": {
        "picture": {},
        "status": {},
        "video": {}
    },
    "checkPost": false,
    "comment": "Manual like By: ????.... 1234567890",
    "contact": false,
    "dbackupmem": false,
    "dblacklist": false,
    "detectMention": false,
    "detectMention1": false,
    "foto": {},
    "group": {},
    "groupPicture": false,
    "invite1": false,
    "invite2": false,
    "invite3": false,
    "invite4": false,
    "invite5": false,
    "keyCommand": "|",
    "keyCommand1": "",
    "limit": 0,
    "limitCall": 5,
    "limitTag": 5,
    "limiter": {
        "members": 5,
        "on": true
    },
    "mention": "Sukanya cctv bae... \nTak sumpahin ambeyen... ",
    "message": "Thanks for add me\n\nI'm a BOT\n Sorry Autoblock on.....! \n\n\nOwner:『http://line.me/ti/p/~kangnur04 』",
    "message1": "Sem vak",
    "message2": "you have been spammed",
    "messageSticker": {
        "addName": {},
        "addStatus": {},
        "listSticker": {}
    },
    "mimic": {
        "copy": false,
        "status": false,
        "target": {}
    },
    "nyusup": false,
    "pname": {
        "cb7af9deae423d9a5f27335edb94127f3": true
    },
    "pro_name": {
        "cb7af9deae423d9a5f27335edb94127f3": "TOKEN.PY"
    },
    "readMember": {},
    "readPoint": {},
    "restartBot": null,
    "restartPoint": "c82abfd2e82a31842c994996ef4a40e9e",
    "scanPoint": {
        "cb7af9deae423d9a5f27335edb94127f3": "8292433659504",
        "ced3e89d9e042163dcbfbdf2ebbd0b943": "8292727211694"
    },
    "scanROM": {
        "cb7af9deae423d9a5f27335edb94127f3": {
            "u0422960c039862bc1d4437b4a4c3cde4": true,
            "u3b88b95f03b893aee7485c12c9e799e1": true,
            "u4d2f1c2fbee16358f12c749f406cfbf0": true,
            "u5928a5946eb3df0590977f9eebbf36a1": true,
            "ua01f979445e4fe98432731527b8928b4": true,
            "uc0aac4eae8ff0b58962ff19a1bf0a8c1": true
        },
        "ced3e89d9e042163dcbfbdf2ebbd0b943": {
            "u4d2f1c2fbee16358f12c749f406cfbf0": true,
            "uad6face02a45033b14bd4b272661456c": true
        }
    },
    "scanner": true,
    "server": "VPS",
    "setSider": {
        "ced3e89d9e042163dcbfbdf2ebbd0b943": "\n~ _FS_\n~ issc♐\n~ ٱؓ﴾ T⃟ @⃟ ®®⃟ y⃟💖﴿ٱؓ\n~ Michel rizcalia\n~ ─═ইஓ﷽a_rifky_bawel﷽‮\n~ ٱ͜ৡ͜͡karinৡء⭕\n~ .\n~ Rhiena_rinnu_84😘\n~ ✔ANDI✔\n~ .─═༒↭Rizchan™✴༒ঈ═─\n~ Yankee Tango\n~ ٜ۞آزٌِیْم٘۞ƪ(‾.‾“)┐✒"
    },
    "setTime": {
        "ced3e89d9e042163dcbfbdf2ebbd0b943": "8292514960266"
    },
    "setWicked": {
        "ced3e89d9e042163dcbfbdf2ebbd0b943": true
    },
    "sticker": false,
    "stickerOn": false,
    "talkban": false,
    "target": {},
    "timeRestart": 36000,
    "unsendMessage": true,
    "userAgent": [
        "Mozilla/5.0 (X11; U; Linux i586; de; rv:5.0) Gecko/20100101 Firefox/5.0",
        "Mozilla/5.0 (X11; U; Linux amd64; rv:5.0) Gecko/20100101 Firefox/5.0 (Debian)",
        "Mozilla/5.0 (X11; U; Linux amd64; en-US; rv:5.0) Gecko/20110619 Firefox/5.0",
        "Mozilla/5.0 (X11; Linux) Gecko Firefox/5.0",
        "Mozilla/5.0 (X11; Linux x86_64; rv:5.0) Gecko/20100101 Firefox/5.0 FirePHP/0.5",
        "Mozilla/5.0 (X11; Linux x86_64; rv:5.0) Gecko/20100101 Firefox/5.0 Firefox/5.0",
        "Mozilla/5.0 (X11; Linux x86_64) Gecko Firefox/5.0",
        "Mozilla/5.0 (X11; Linux ppc; rv:5.0) Gecko/20100101 Firefox/5.0",
        "Mozilla/5.0 (X11; Linux AMD64) Gecko Firefox/5.0",
        "Mozilla/5.0 (X11; FreeBSD amd64; rv:5.0) Gecko/20100101 Firefox/5.0",
        "Mozilla/5.0 (Windows NT 6.2; WOW64; rv:5.0) Gecko/20100101 Firefox/5.0",
        "Mozilla/5.0 (Windows NT 6.1; Win64; x64; rv:5.0) Gecko/20110619 Firefox/5.0",
        "Mozilla/5.0 (Windows NT 6.1; Win64; x64; rv:5.0) Gecko/20100101 Firefox/5.0",
        "Mozilla/5.0 (Windows NT 6.1; rv:6.0) Gecko/20100101 Firefox/5.0",
        "Mozilla/5.0 (Windows NT 6.1.1; rv:5.0) Gecko/20100101 Firefox/5.0",
        "Mozilla/5.0 (Windows NT 5.2; WOW64; rv:5.0) Gecko/20100101 Firefox/5.0",
        "Mozilla/5.0 (Windows NT 5.1; U; rv:5.0) Gecko/20100101 Firefox/5.0",
        "Mozilla/5.0 (Windows NT 5.1; rv:2.0.1) Gecko/20100101 Firefox/5.0",
        "Mozilla/5.0 (Windows NT 5.0; WOW64; rv:5.0) Gecko/20100101 Firefox/5.0",
        "Mozilla/5.0 (Windows NT 5.0; rv:5.0) Gecko/20100101 Firefox/5.0"
    ],
    "video": {},
    "wblacklist": false,
    "welcome": "Welcome to group",
    "welcomeOn": false,
    "winvite": true,
    "wlist_textToSpeech": {
        "af": "Afrikaans",
        "ar": "Arabic",
        "bn": "Bengali",
        "ca": "Catalan",
        "cs": "Czech",
        "cy": "Welsh",
        "da": "Danish",
        "de": "German",
        "el": "Greek",
        "en": "English",
        "en-au": "English (Australia)",
        "en-uk": "English (United Kingdom)",
        "en-us": "English (United States)",
        "eo": "Esperanto",
        "es": "Spanish",
        "es-es": "Spanish (Spain)",
        "es-us": "Spanish (United States)",
        "fi": "Finnish",
        "fr": "French",
        "hi": "Hindi",
        "hr": "Croatian",
        "hu": "Hungarian",
        "hy": "Armenian",
        "id": "Indonesian",
        "is": "Icelandic",
        "it": "Italian",
        "ja": "Japanese",
        "km": "Khmer (Cambodian)",
        "ko": "Korean",
        "la": "Latin",
        "lv": "Latvian",
        "mk": "Macedonian",
        "nl": "Dutch",
        "no": "Norwegian",
        "pl": "Polish",
        "pt": "Portuguese",
        "ro": "Romanian",
        "ru": "Russian",
        "si": "Sinhala",
        "sk": "Slovak",
        "sq": "Albanian",
        "sr": "Serbian",
        "sv": "Swedish",
        "sw": "Swahili",
        "ta": "Tamil",
        "th": "Thai",
        "tr": "Turkish",
        "uk": "Ukrainian",
        "vi": "Vietnamese",
        "zh": "Chinese",
        "zh-cn": "Chinese (Mandarin/China)",
        "zh-tw": "Chinese (Mandarin/Taiwan)",
        "zh-yue": "Chinese (Cantonese)"
    },
    "wlist_translate": {
        "af": "afrikaans",
        "am": "amharic",
        "ar": "arabic",
        "az": "azerbaijani",
        "be": "belarusian",
        "bg": "bulgarian",
        "bn": "bengali",
        "bs": "bosnian",
        "ca": "catalan",
        "ceb": "cebuano",
        "co": "corsican",
        "cs": "czech",
        "cy": "welsh",
        "da": "danish",
        "de": "german",
        "el": "greek",
        "en": "english",
        "eo": "esperanto",
        "es": "spanish",
        "et": "estonian",
        "eu": "basque",
        "fa": "persian",
        "fi": "finnish",
        "fil": "Filipino",
        "fr": "french",
        "fy": "frisian",
        "ga": "irish",
        "gd": "scots gaelic",
        "gl": "galician",
        "gu": "gujarati",
        "ha": "hausa",
        "haw": "hawaiian",
        "he": "Hebrew",
        "hi": "hindi",
        "hmn": "hmong",
        "hr": "croatian",
        "ht": "haitian creole",
        "hu": "hungarian",
        "hy": "armenian",
        "id": "indonesian",
        "ig": "igbo",
        "is": "icelandic",
        "it": "italian",
        "iw": "hebrew",
        "ja": "japanese",
        "jw": "javanese",
        "ka": "georgian",
        "kk": "kazakh",
        "km": "khmer",
        "kn": "kannada",
        "ko": "korean",
        "ku": "kurdish (kurmanji)",
        "ky": "kyrgyz",
        "la": "latin",
        "lb": "luxembourgish",
        "lo": "lao",
        "lt": "lithuanian",
        "lv": "latvian",
        "mg": "malagasy",
        "mi": "maori",
        "mk": "macedonian",
        "ml": "malayalam",
        "mn": "mongolian",
        "mr": "marathi",
        "ms": "malay",
        "mt": "maltese",
        "my": "myanmar (burmese)",
        "ne": "nepali",
        "nl": "dutch",
        "no": "norwegian",
        "ny": "chichewa",
        "pa": "punjabi",
        "pl": "polish",
        "ps": "pashto",
        "pt": "portuguese",
        "ro": "romanian",
        "ru": "russian",
        "sd": "sindhi",
        "si": "sinhala",
        "sk": "slovak",
        "sl": "slovenian",
        "sm": "samoan",
        "sn": "shona",
        "so": "somali",
        "sq": "albanian",
        "sr": "serbian",
        "st": "sesotho",
        "su": "sundanese",
        "sv": "swedish",
        "sw": "swahili",
        "ta": "tamil",
        "te": "telugu",
        "tg": "tajik",
        "th": "thai",
        "tl": "filipino",
        "tr": "turkish",
        "uk": "ukrainian",
        "ur": "urdu",
        "uz": "uzbek",
        "vi": "vietnamese",
        "xh": "xhosa",
        "yi": "yiddish",
        "yo": "yoruba",
        "zh-cn": "chinese (simplified)",
        "zh-tw": "chinese (traditional)",
        "zu": "zulu"
    }
}